Date,High,Low,Close,noOfTransaction,volume,Amount,prevClose,change,chgPercent
2024-09-05,297.0,285.0,289.0,1936.0,401350.0,116226620.5,295.0,-6.0,-2.03
2024-09-04,311.9,293.2,295.0,2315.0,501419.0,149723017.6,309.0,-14.0,-4.53
2024-09-03,314.0,304.0,309.0,2438.0,591646.0,182548764.6,309.8,-0.8,-0.26
2024-09-02,311.0,285.0,309.8,3351.0,535600.0,160779348.5,289.0,20.8,7.2
2024-09-01,302.0,288.0,289.0,2247.0,398618.0,116957954.1,296.0,-7.0,-2.36
2024-08-29,305.0,291.0,296.0,2940.0,599184.0,177926307.7,301.0,-5.0,-1.66
2024-08-28,315.0,295.0,301.0,4080.0,836499.0,255019571.0,295.0,6.0,2.03
2024-08-27,317.0,295.0,295.0,5419.0,1109714.0,334661118.7,312.3,-17.3,-5.54
2024-08-25,331.5,310.9,312.3,4149.0,780489.0,247689411.0,325.0,-12.7,-3.91
2024-08-22,337.0,321.0,325.0,4295.0,874363.0,286441644.8,326.5,-1.5,-0.46
2024-08-21,340.0,325.0,326.5,4131.0,897876.0,296097889.8,334.5,-8.0,-2.39
2024-08-18,356.9,329.1,334.5,5598.0,1402195.0,480578134.3,348.9,-14.4,-4.13
2024-08-15,366.6,332.1,348.9,6925.0,1712186.0,603769569.1,340.0,8.9,2.62
2024-08-14,349.0,317.0,340.0,6019.0,1439931.0,479672993.3,329.0,11.0,3.34
2024-08-13,343.7,323.1,329.0,5113.0,1036011.0,341201484.4,337.0,-8.0,-2.37
2024-08-12,344.6,325.4,337.0,8366.0,2189875.0,729092487.9,337.9,-0.9,-0.27
2024-08-11,338.0,313.6,337.9,7917.0,2091470.0,682780736.4,307.5,30.4,9.89
2024-08-08,311.3,280.0,307.5,8552.0,3037821.0,924693855.8,283.0,24.5,8.66
2024-08-07,284.0,261.5,283.0,3775.0,722857.0,199283574.2,266.8,16.2,6.07
2024-08-07,284.0,261.5,283.0,3775.0,722857.0,199283574.2,266.8,16.2,6.07
2024-08-06,287.0,264.1,266.8,4452.0,1118782.0,307062621.1,286.4,-19.6,-6.84
2024-08-05,290.0,274.0,286.4,4079.0,994754.0,279924338.6,280.5,5.9,2.1
2024-08-01,284.9,261.0,280.5,4955.0,1494471.0,414235409.8,261.0,19.5,7.47
2024-07-31,270.1,248.7,261.0,4089.0,1000880.0,262595195.0,248.7,12.3,4.95
2024-07-30,253.0,238.7,248.7,2608.0,530695.0,130473829.0,245.0,3.7,1.51
2024-07-30,253.0,238.7,248.7,2608.0,530695.0,130473829.0,245.0,3.7,1.51
2024-07-29,263.0,245.0,245.0,3430.0,679291.0,170619062.2,253.5,-8.5,-3.35
2024-07-28,253.5,235.1,253.5,3598.0,992125.0,245883769.9,230.5,23.0,9.98
2024-07-25,235.0,227.5,230.5,1625.0,319554.0,73746359.1,231.1,-0.6,-0.26
2024-07-24,242.0,228.5,231.1,2150.0,517106.0,121829811.6,236.0,-4.9,-2.08
2024-07-23,236.6,229.0,236.0,1908.0,266106.0,62403528.2,231.0,5.0,2.16
2024-07-22,236.1,229.9,231.0,1998.0,350058.0,81255107.2,237.0,-6.0,-2.53
2024-07-21,242.0,230.0,237.0,1917.0,491167.0,116986553.8,232.1,4.9,2.11
2024-07-18,240.0,227.6,232.1,2173.0,493169.0,115324431.2,231.2,0.9,0.39
2024-07-17,243.7,229.0,231.2,1579.0,353494.0,82924407.7,235.0,-3.8,-1.62
2024-07-16,235.0,224.0,235.0,1694.0,380259.0,87187710.0,228.0,7.0,3.07
2024-07-15,229.0,209.2,228.0,2343.0,984199.0,219897603.5,213.0,15.0,7.04
2024-07-14,214.7,211.0,213.0,975.0,216712.0,46096054.3,210.5,2.5,1.19
2024-07-11,212.7,207.0,210.5,811.0,157097.0,32896494.6,208.6,1.9,0.91
2024-07-10,212.1,207.1,208.6,745.0,176406.0,36995866.2,208.0,0.6,0.29
2024-07-09,212.0,207.0,208.0,680.0,103143.0,21525902.4,210.8,-2.8,-1.33
2024-07-08,214.9,208.1,210.8,1491.0,348107.0,73572657.6,209.0,1.8,0.86
2024-07-07,213.0,196.1,209.0,1898.0,475730.0,98459634.6,199.0,10.0,5.03
2024-07-04,200.1,192.4,199.0,815.0,164063.0,32176623.5,194.0,5.0,2.58
2024-07-03,196.7,192.0,194.0,423.0,52772.0,10183790.4,195.0,-1.0,-0.51
2024-07-02,207.7,193.0,195.0,661.0,97546.0,19163310.9,190.0,5.0,2.63
2024-07-01,192.6,188.1,190.0,483.0,55505.0,10532322.9,188.9,1.1,0.58
2024-06-30,194.4,188.5,188.9,452.0,51105.0,9682753.6,190.6,-1.7,-0.89
2024-06-27,191.0,189.0,190.6,388.0,61825.0,11724133.9,190.3,0.3,0.16
2024-06-26,194.4,190.0,190.3,428.0,44174.0,8425852.0,193.4,-3.1,-1.6
2024-06-25,194.0,189.3,193.4,572.0,76762.0,14790608.6,189.6,3.8,2.0
2024-06-24,193.0,189.5,189.6,657.0,99603.0,18981573.2,192.0,-2.4,-1.25
2024-06-23,194.0,190.1,192.0,531.0,46718.0,8951599.9,191.3,0.7,0.37
2024-06-20,195.3,190.4,191.3,490.0,61298.0,11752290.6,191.5,-0.2,-0.1
2024-06-19,193.9,191.0,191.5,530.0,68327.0,13116538.4,192.9,-1.4,-0.73
2024-06-18,195.0,192.0,192.9,641.0,63894.0,12320347.0,194.9,-2.0,-1.03
2024-06-16,198.0,193.9,194.9,587.0,59858.0,11659715.0,195.6,-0.7,-0.36
2024-06-13,197.0,195.0,195.6,446.0,59260.0,11584207.0,196.5,-0.9,-0.46
2024-06-12,200.0,196.0,196.5,576.0,74959.0,14826656.9,197.9,-1.4,-0.71
2024-06-11,198.9,193.2,197.9,663.0,88520.0,17370495.2,194.1,3.8,1.96
2024-06-10,197.7,189.9,194.1,668.0,114738.0,22060746.0,193.9,0.2,0.1
2024-06-09,199.1,193.1,193.9,623.0,64649.0,12572511.9,195.2,-1.3,-0.67
2024-06-06,198.0,195.1,195.2,483.0,64369.0,12628990.6,198.0,-2.8,-1.41
2024-06-05,200.0,196.0,198.0,392.0,49623.0,9755220.9,197.5,0.5,0.25
2024-06-04,200.0,196.2,197.5,488.0,52600.0,10395181.5,198.9,-1.4,-0.7
2024-06-03,202.0,197.1,198.9,477.0,55569.0,10985174.5,199.0,-0.1,-0.05
2024-06-02,202.0,197.1,199.0,599.0,78926.0,15639726.3,198.2,0.8,0.4
2024-05-30,205.0,197.8,198.2,516.0,81442.0,16243169.5,201.8,-3.6,-1.78
2024-05-30,205.0,197.8,198.2,516.0,81442.0,16243169.5,201.8,-3.6,-1.78
2024-05-29,210.1,200.2,201.8,572.0,111078.0,22649719.3,206.0,-4.2,-2.04
2024-05-27,208.0,201.0,206.0,686.0,88702.0,18200406.6,201.5,4.5,2.23
2024-05-26,208.0,201.0,201.5,625.0,82620.0,16804369.1,205.5,-4.0,-1.95
2024-05-22,208.0,203.0,205.5,639.0,84193.0,17366767.8,206.1,-0.6,-0.29
2024-05-21,210.0,201.9,206.1,701.0,103282.0,21289462.9,204.0,2.1,1.03
2024-05-20,213.0,198.0,204.0,980.0,163447.0,33554315.8,199.0,5.0,2.51
2024-05-19,203.0,196.0,199.0,672.0,75671.0,15116248.6,196.5,2.5,1.27
2024-05-16,202.8,196.0,196.5,439.0,45085.0,8872375.3,198.9,-2.4,-1.21
2024-05-15,204.0,198.0,198.9,450.0,66471.0,13315339.4,202.0,-3.1,-1.53
2024-05-14,204.0,196.3,202.0,458.0,44812.0,9009633.9,200.0,2.0,1.0
2024-05-13,201.0,191.3,200.0,601.0,78687.0,15580406.9,193.0,7.0,3.63
2024-05-12,195.8,190.1,193.0,474.0,56253.0,10860954.5,192.0,1.0,0.52
2024-05-09,193.5,191.0,192.0,446.0,49786.0,9544898.7,192.0,0.0,0.0
2024-05-08,195.0,191.2,192.0,333.0,52978.0,10195001.3,193.3,-1.3,-0.67
2024-05-07,197.0,193.0,193.3,367.0,51625.0,10014879.5,193.9,-0.6,-0.31
2024-05-06,199.5,193.8,193.9,465.0,61493.0,11976311.1,196.1,-2.2,-1.12
2024-05-02,205.4,198.2,198.6,515.0,49042.0,9831953.2,201.4,-2.8,-1.39
2024-04-30,204.0,196.1,201.4,620.0,68298.0,13665599.7,197.4,4.0,2.03
2024-04-29,201.2,196.6,197.4,388.0,37510.0,7424638.8,197.3,0.1,0.05
2024-04-28,200.0,196.1,197.3,614.0,64328.0,12739208.3,196.0,1.3,0.66
2024-04-25,199.8,196.0,196.0,440.0,48123.0,9467766.1,197.0,-1.0,-0.51
2024-04-24,200.0,196.0,197.0,404.0,36581.0,7229520.9,198.0,-1.0,-0.51
2024-04-22,205.0,197.0,198.0,422.0,47699.0,9483568.0,201.5,-3.5,-1.74
2024-04-21,201.9,196.2,201.5,498.0,42180.0,8350246.6,198.0,3.5,1.77
2024-04-18,200.0,197.0,198.0,487.0,59454.0,11788297.5,200.0,-2.0,-1.0
2024-04-16,202.8,197.8,200.0,487.0,65204.0,13061871.8,201.8,-1.8,-0.89
2024-04-15,204.0,201.0,201.8,491.0,54164.0,10947595.1,204.0,-2.2,-1.08
2024-04-14,210.0,203.0,204.0,717.0,66947.0,13698707.7,210.0,-6.0,-2.86
2024-04-10,210.0,204.0,210.0,642.0,88711.0,18249116.1,208.0,2.0,0.96
2024-04-09,208.0,203.1,208.0,854.0,94427.0,19393264.3,203.4,4.6,2.26
2024-04-07,206.0,200.6,203.4,658.0,68600.0,13917023.8,202.0,1.4,0.69
2024-04-04,205.0,201.5,202.0,569.0,59269.0,12011204.3,202.5,-0.5,-0.25
2024-04-03,205.0,201.3,202.5,554.0,48121.0,9767558.0,203.6,-1.1,-0.54
2024-04-02,205.0,202.5,203.6,504.0,45901.0,9320186.6,203.0,0.6,0.3
2024-04-01,204.9,201.0,203.0,498.0,36643.0,7457627.5,204.3,-1.3,-0.64
2024-03-31,207.0,204.0,204.3,644.0,53105.0,10856689.1,207.2,-2.9,-1.4
2024-03-28,210.0,202.0,207.2,574.0,64281.0,13270230.9,205.2,2.0,0.97
2024-03-27,212.0,205.0,205.2,481.0,56334.0,11672390.7,207.9,-2.7,-1.3
2024-03-26,208.9,203.0,207.9,582.0,46052.0,9510948.7,205.2,2.7,1.32
2024-03-25,208.9,203.7,205.2,503.0,53847.0,11025639.6,206.9,-1.7,-0.82
2024-03-21,210.0,206.5,206.9,511.0,65405.0,13563192.9,208.9,-2.0,-0.96
2024-03-20,214.0,208.0,208.9,552.0,75932.0,15866964.2,210.0,-1.1,-0.52
2024-03-19,213.5,209.0,210.0,614.0,101185.0,21284608.2,212.0,-2.0,-0.94
2024-03-18,212.0,209.6,212.0,581.0,56613.0,11927779.3,210.5,1.5,0.71
2024-03-17,215.0,209.2,210.5,738.0,72431.0,15306957.9,212.5,-2.0,-0.94
2024-03-14,218.0,212.3,212.5,537.0,70696.0,15149268.3,217.0,-4.5,-2.07
2024-03-13,221.0,216.0,217.0,722.0,106968.0,23335329.5,219.0,-2.0,-0.91
2024-03-12,220.0,213.5,219.0,985.0,137526.0,29803850.6,211.7,7.3,3.45
2024-03-10,214.6,210.5,211.7,580.0,56931.0,12086790.5,210.4,1.3,0.62
2024-03-07,214.9,208.3,210.4,560.0,65251.0,13779779.4,209.4,1.0,0.48
2024-03-06,213.0,205.9,209.4,805.0,170586.0,35840713.9,208.0,1.4,0.67
2024-03-05,218.0,207.3,208.0,761.0,117687.0,24873473.8,217.0,-9.0,-4.15
2024-03-04,218.0,205.9,217.0,82.0,21529.0,4615795.9,201.9,15.1,7.48
2024-03-03,202.5,200.0,201.9,603.0,70967.0,14243859.0,202.0,-0.1,-0.05
2024-02-29,209.8,201.1,202.0,672.0,107011.0,21736513.8,206.7,-4.7,-2.27
2024-02-28,210.1,205.1,206.7,496.0,52858.0,10978325.5,208.1,-1.4,-0.67
2024-02-27,211.0,206.0,208.1,556.0,83022.0,17290699.6,207.5,0.6,0.29
2024-02-26,209.1,205.1,207.5,652.0,75673.0,15666953.1,205.0,2.5,1.22
2024-02-25,210.0,204.4,205.0,834.0,87096.0,18013666.1,209.0,-4.0,-1.91
2024-02-22,213.0,208.1,209.0,1010.0,106646.0,22407700.3,211.0,-2.0,-0.95
2024-02-21,217.9,210.8,211.0,728.0,89176.0,19032416.8,213.8,-2.8,-1.31
2024-02-20,219.0,208.2,213.8,1109.0,150463.0,32205031.4,211.0,2.8,1.33
2024-02-18,221.6,210.2,211.0,1122.0,145858.0,31077565.7,217.3,-6.3,-2.9
2024-02-15,221.3,216.8,217.3,800.0,109522.0,23935136.3,218.5,-1.2,-0.55
2024-02-14,221.9,217.1,218.5,628.0,70220.0,15355814.4,220.0,-1.5,-0.68
2024-02-13,224.5,218.8,220.0,819.0,176132.0,38998318.3,225.9,-5.9,-2.61
2024-02-12,226.0,222.5,225.9,760.0,85725.0,19284171.2,223.2,2.7,1.21
2024-02-11,230.0,223.1,223.2,859.0,127756.0,28832639.0,225.2,-2.0,-0.89
2024-02-08,228.8,224.1,225.2,775.0,101014.0,22814721.7,225.4,-0.2,-0.09
2024-02-07,229.0,224.0,225.4,764.0,90816.0,20484431.7,224.6,0.8,0.36
2024-02-06,227.0,224.1,224.6,739.0,91722.0,20720266.8,224.9,-0.3,-0.13
2024-02-05,229.0,224.0,224.9,688.0,75251.0,16987147.6,225.8,-0.9,-0.4
2024-02-04,232.5,222.0,225.8,1069.0,525058.0,120322299.3,224.0,1.8,0.8
2024-02-01,231.0,223.0,224.0,840.0,111242.0,25040688.9,227.0,-3.0,-1.32
2024-01-31,237.9,226.5,227.0,1177.0,332401.0,77286097.2,233.3,-6.3,-2.7
2024-01-30,236.6,228.2,233.3,1539.0,280645.0,65580091.1,229.1,4.2,1.83
2024-01-29,240.0,222.0,229.1,1576.0,339021.0,77775437.0,224.0,5.1,2.28
2024-01-28,227.5,222.0,224.0,1036.0,113129.0,25335486.0,225.0,-1.0,-0.44
2024-01-25,231.5,218.6,225.0,1237.0,188285.0,42464365.1,223.0,2.0,0.9
2024-01-24,234.6,220.0,223.0,1394.0,293910.0,66189940.6,230.0,-7.0,-3.04
2024-01-23,234.0,221.7,230.0,1278.0,184008.0,42142136.8,226.2,3.8,1.68
2024-01-22,234.0,224.0,226.2,1336.0,216277.0,49512951.0,230.9,-4.7,-2.04
2024-01-21,240.0,228.0,230.9,1652.0,291154.0,68194063.2,238.5,-7.6,-3.19
2024-01-18,245.0,235.7,238.5,2141.0,471517.0,113089649.9,244.0,-5.5,-2.25
2024-01-17,253.0,238.1,244.0,3115.0,963380.0,238955547.3,245.0,-1.0,-0.41
2024-01-16,245.0,224.1,245.0,3274.0,979409.0,232638411.2,224.0,21.0,9.38
2024-01-14,227.0,222.0,224.0,1168.0,305242.0,68593713.7,222.0,2.0,0.9
2024-01-11,231.0,221.5,222.0,1490.0,344731.0,77843045.2,229.0,-7.0,-3.06
2024-01-10,236.0,224.5,229.0,2102.0,521832.0,119824822.8,231.5,-2.5,-1.08
2024-01-09,234.6,220.0,231.5,2839.0,851050.0,197372869.0,224.4,7.1,3.16
2024-01-08,226.7,211.0,224.4,2427.0,526393.0,117141848.7,213.5,10.9,5.11
2024-01-07,223.0,213.4,213.5,1317.0,238641.0,51848961.1,222.0,-8.5,-3.83
2024-01-04,228.0,214.0,222.0,2294.0,469734.0,104851495.2,214.0,8.0,3.74
2024-01-03,215.0,205.0,214.0,1035.0,178553.0,37594217.2,205.1,8.9,4.34
2024-01-02,208.9,204.0,205.1,892.0,155375.0,32008580.2,207.9,-2.8,-1.35
2024-01-01,216.1,207.0,207.9,939.0,133476.0,28207375.4,210.5,-2.6,-1.24
2023-12-28,215.1,207.8,210.5,912.0,179737.0,38117227.3,212.0,-1.5,-0.71
2023-12-27,218.0,209.0,212.0,1137.0,188834.0,40166327.4,213.1,-1.1,-0.52
2023-12-24,225.0,213.0,213.1,1450.0,275359.0,60479615.5,224.0,-10.9,-4.87
2023-12-21,237.2,222.6,224.0,1687.0,284213.0,65002684.4,234.6,-10.6,-4.52
2023-12-20,238.1,217.0,234.6,2573.0,761161.0,175483590.8,216.5,18.1,8.36
2023-12-19,218.0,209.2,216.5,963.0,143966.0,30709244.6,211.0,5.5,2.61
2023-12-18,218.0,210.0,211.0,1150.0,193559.0,41376141.0,211.0,0.0,0.0
2023-12-17,211.0,197.2,211.0,1224.0,199770.0,40894178.8,201.0,10.0,4.98
2023-12-14,204.0,197.2,201.0,662.0,110983.0,22336425.3,201.0,0.0,0.0
2023-12-13,208.9,198.9,201.0,795.0,116155.0,23692157.2,200.0,1.0,0.5
2023-12-12,204.0,194.2,200.0,935.0,150700.0,30106308.5,197.0,3.0,1.52
2023-12-11,205.0,194.1,197.0,1193.0,220301.0,43714791.5,201.0,-4.0,-1.99
2023-12-10,202.0,187.0,201.0,77.0,15323.0,3022256.9,185.0,16.0,8.65
2023-12-07,187.0,183.6,185.0,405.0,37971.0,7029413.6,183.5,1.5,0.82
2023-12-06,185.0,182.6,183.5,325.0,33745.0,6190783.1,185.0,-1.5,-0.81
2023-12-05,190.0,183.7,185.0,406.0,52569.0,9776690.8,185.0,0.0,0.0
2023-12-04,188.0,183.8,185.0,428.0,37626.0,6990932.4,185.9,-0.9,-0.48
2023-12-03,187.0,184.1,185.9,445.0,26991.0,4993567.1,187.0,-1.1,-0.59
2023-11-30,190.0,186.0,187.0,351.0,25373.0,4746472.9,189.0,-2.0,-1.06
2023-11-29,194.1,186.4,189.0,357.0,40546.0,7760722.6,190.0,-1.0,-0.53
2023-11-28,191.0,187.8,190.0,417.0,26715.0,5058348.5,190.9,-0.9,-0.47
2023-11-27,194.0,189.0,190.9,443.0,43264.0,8269817.1,192.0,-1.1,-0.57
2023-11-26,195.0,184.3,192.0,712.0,87152.0,16651409.3,187.9,4.1,2.18
2023-11-23,191.5,184.7,187.9,394.0,45499.0,8503145.6,188.0,-0.1,-0.05
2023-11-22,190.2,182.8,188.0,475.0,38888.0,7215660.9,185.8,2.2,1.18
2023-11-21,186.0,182.7,185.8,335.0,22943.0,4232702.5,186.0,-0.2,-0.11
2023-11-20,192.9,183.8,186.0,446.0,40770.0,7604282.9,183.6,2.4,1.31
2023-11-09,187.0,183.0,183.6,308.0,26772.0,4906120.7,186.0,-2.4,-1.29
2023-11-08,189.0,184.0,186.0,318.0,33690.0,6226322.5,186.1,-0.1,-0.05
2023-11-07,186.4,181.1,186.1,506.0,40211.0,7418122.3,183.1,3.0,1.64
2023-11-06,185.0,180.2,183.1,460.0,33965.0,6252962.4,182.0,1.1,0.6
2023-11-05,185.9,181.3,182.0,531.0,48908.0,8943482.9,185.0,-3.0,-1.62
2023-11-02,188.0,184.9,185.0,502.0,43462.0,8057732.4,185.6,-0.6,-0.32
2023-11-01,188.0,184.1,185.6,370.0,22369.0,4149127.0,186.0,-0.4,-0.22
2023-10-31,188.0,185.1,186.0,319.0,17607.0,3276924.5,188.0,-2.0,-1.06
2023-10-30,188.6,185.0,188.0,375.0,29389.0,5474897.6,186.5,1.5,0.8
2023-10-29,189.0,185.0,186.5,443.0,51326.0,9526854.5,189.0,-2.5,-1.32
2023-10-19,191.0,187.1,189.0,262.0,32265.0,6098789.3,190.0,-1.0,-0.53
2023-10-18,190.9,187.3,190.0,356.0,33883.0,6426142.4,186.7,3.3,1.77
2023-10-17,191.8,185.2,186.7,461.0,29591.0,5549561.0,185.5,1.2,0.65
2023-10-16,188.0,185.0,185.5,757.0,54208.0,10065436.7,187.3,-1.8,-0.96
2023-10-12,190.0,187.0,187.3,705.0,62292.0,11728645.3,189.6,-2.3,-1.21
2023-10-11,193.0,188.0,189.6,481.0,43412.0,8263493.3,189.8,-0.2,-0.11
2023-10-10,192.0,188.5,189.8,596.0,41960.0,7945757.9,190.5,-0.7,-0.37
2023-10-09,193.0,190.0,190.5,727.0,67949.0,12978866.0,193.3,-2.8,-1.45
2023-10-08,198.5,193.0,193.3,763.0,80398.0,15574216.2,195.0,-1.7,-0.87
2023-10-05,196.5,194.5,195.0,608.0,51327.0,10031615.9,195.6,-0.6,-0.31
2023-10-04,198.0,193.0,195.6,552.0,39583.0,7743458.1,194.5,1.1,0.57
2023-10-03,197.0,194.5,194.5,615.0,56816.0,11087221.4,196.0,-1.5,-0.77
2023-10-02,197.5,194.2,196.0,694.0,62822.0,12309132.2,196.9,-0.9,-0.46
2023-10-01,203.0,195.1,196.9,612.0,65371.0,12843266.4,199.1,-2.2,-1.1
2023-09-27,202.5,197.4,199.1,808.0,107411.0,21383311.8,202.7,-3.6,-1.78
2023-09-26,204.5,200.2,202.7,589.0,56366.0,11420701.6,200.0,2.7,1.35
2023-09-25,204.0,199.2,200.0,633.0,52521.0,10550469.8,203.2,-3.2,-1.57
2023-09-24,209.0,202.0,203.2,699.0,61251.0,12525286.2,205.8,-2.6,-1.26
2023-09-21,207.1,200.0,205.8,1012.0,127920.0,26212366.9,199.0,6.8,3.42
2023-09-19,199.0,194.7,199.0,477.0,33647.0,6623953.0,196.0,3.0,1.53
2023-09-18,198.0,193.3,196.0,287.0,25832.0,5059685.3,196.0,0.0,0.0
2023-09-17,200.2,195.1,196.0,607.0,59629.0,11795694.9,202.0,-6.0,-2.97
2023-09-13,203.1,196.2,202.0,668.0,63814.0,12756056.9,196.3,5.7,2.9
2023-09-12,203.0,196.0,196.3,455.0,43617.0,8647812.9,200.0,-3.7,-1.85
2023-09-11,200.8,193.0,200.0,641.0,53404.0,10593584.9,194.5,5.5,2.83
2023-09-10,196.9,193.5,194.5,618.0,41876.0,8152750.4,194.3,0.2,0.1
2023-09-07,198.0,194.0,194.3,562.0,52592.0,10241396.9,195.5,-1.2,-0.61
2023-09-05,200.0,194.1,195.5,505.0,49114.0,9625802.9,198.0,-2.5,-1.26
2023-09-04,201.0,194.3,198.0,627.0,72628.0,14276618.1,197.2,0.8,0.41
2023-09-03,206.0,197.2,197.2,876.0,84368.0,16841385.0,202.4,-5.2,-2.57
2023-08-30,204.8,200.9,202.4,514.0,35428.0,7194883.4,205.0,-2.6,-1.27
2023-08-29,206.0,200.3,205.0,607.0,52668.0,10692213.6,203.0,2.0,0.99
2023-08-28,204.9,200.1,203.0,548.0,45716.0,9244026.8,202.0,1.0,0.5
2023-08-27,205.0,200.1,202.0,764.0,62150.0,12523573.4,203.3,-1.3,-0.64
2023-08-24,210.0,203.0,203.3,573.0,52340.0,10738878.0,208.1,-4.8,-2.31
2023-08-23,211.0,203.0,208.1,831.0,80389.0,16646431.8,204.8,3.3,1.61
2023-08-22,205.0,200.0,204.8,527.0,37247.0,7571244.8,202.3,2.5,1.24
2023-08-21,205.0,200.1,202.3,719.0,52809.0,10704320.3,202.7,-0.4,-0.2
2023-08-20,208.1,202.1,202.7,619.0,45361.0,9226787.5,204.9,-2.2,-1.07
2023-08-17,208.0,204.2,204.9,561.0,61223.0,12589003.8,205.9,-1.0,-0.49
2023-08-16,208.9,203.3,205.9,533.0,63325.0,12974228.5,206.5,-0.6,-0.29
2023-08-15,212.0,205.8,206.5,616.0,53142.0,10998301.2,209.0,-2.5,-1.2
2023-08-14,212.0,208.1,209.0,774.0,53983.0,11330851.3,211.5,-2.5,-1.18
2023-08-13,214.0,207.1,211.5,839.0,69498.0,14652379.0,210.0,1.5,0.71
2023-08-10,215.0,207.0,210.0,789.0,78943.0,16667494.2,210.0,0.0,0.0
2023-08-09,211.0,203.3,210.0,716.0,73100.0,15098242.6,205.8,4.2,2.04
2023-08-08,210.0,205.1,205.8,809.0,62091.0,12862881.3,209.0,-3.2,-1.53
2023-08-07,211.8,207.5,209.0,667.0,65642.0,13738169.8,210.0,-1.0,-0.48
2023-08-06,215.0,209.3,210.0,759.0,73007.0,15379225.1,213.0,-3.0,-1.41
2023-08-03,215.9,212.0,213.0,775.0,81316.0,17345269.3,214.0,-1.0,-0.47
2023-08-02,216.0,212.0,214.0,639.0,79080.0,16852486.7,214.0,0.0,0.0
2023-08-01,219.0,213.0,214.0,689.0,101938.0,21968941.8,216.0,-2.0,-0.93
2023-07-24,232.0,225.0,226.0,1031.0,153594.0,35004274.9,230.6,-4.6,-1.99
2023-07-23,236.0,227.0,230.6,1828.0,317090.0,73009184.1,224.0,6.6,2.95
2023-07-20,228.8,224.0,224.0,787.0,120572.0,27219386.0,226.6,-2.6,-1.15
2023-07-19,230.0,224.1,226.6,669.0,95747.0,21764969.6,228.3,-1.7,-0.74
2023-07-18,234.0,226.0,228.3,1046.0,204736.0,47260242.5,228.1,0.2,0.09
2023-07-17,230.0,223.5,228.1,960.0,201462.0,45696295.3,224.0,4.1,1.83
2023-07-16,228.0,215.9,224.0,833.0,173923.0,38640019.8,217.0,7.0,3.23
2023-07-13,222.9,216.5,217.0,796.0,121198.0,26605585.0,218.0,-1.0,-0.46
2023-07-12,220.0,213.0,218.0,702.0,92892.0,20289582.2,216.0,2.0,0.93
2023-07-11,219.0,215.0,216.0,669.0,88381.0,19089201.3,217.7,-1.7,-0.78
2023-07-10,223.0,216.4,217.7,766.0,109705.0,24058587.2,220.0,-2.3,-1.05
2023-07-09,221.8,210.0,220.0,1025.0,141871.0,31017679.4,213.1,6.9,3.24
2023-07-04,223.8,217.4,219.0,719.0,122183.0,26809126.1,219.6,-0.6,-0.27
2023-07-03,225.0,219.0,219.6,1004.0,172650.0,38184714.8,224.0,-4.4,-1.96
2023-07-02,233.5,221.2,224.0,1035.0,180012.0,40578247.2,230.0,-6.0,-2.61
2023-06-28,242.7,228.7,230.0,1262.0,312696.0,73108163.1,235.1,-5.1,-2.17
2023-06-27,239.7,232.2,235.1,1142.0,296765.0,69621658.6,235.0,0.1,0.04
2023-06-26,244.0,233.3,235.0,1163.0,247145.0,59050538.8,236.0,-1.0,-0.42
2023-06-25,238.5,232.0,236.0,1486.0,466178.0,109742982.8,233.7,2.3,0.98
2023-06-22,240.0,232.6,233.7,1039.0,203672.0,48046109.2,234.5,-0.8,-0.34
2023-06-21,245.8,234.5,234.5,1478.0,354463.0,84935902.5,237.2,-2.7,-1.14
2023-06-20,248.0,230.0,237.2,3161.0,849396.0,205753961.1,230.0,7.2,3.13
2023-06-19,235.6,223.1,230.0,1290.0,244881.0,55819121.4,225.2,4.8,2.13
2023-06-18,230.0,221.4,225.2,1112.0,220387.0,49667216.8,225.0,0.2,0.09
2023-06-15,230.5,221.0,225.0,818.0,109917.0,24630301.4,226.0,-1.0,-0.44
2023-06-14,234.0,223.0,226.0,1478.0,315499.0,72158888.9,225.5,0.5,0.22
2023-06-13,228.0,216.0,225.5,1348.0,251341.0,56218371.4,218.0,7.5,3.44
2023-06-12,223.0,216.6,218.0,746.0,110466.0,24161877.3,218.7,-0.7,-0.32
2023-06-11,220.5,214.5,218.7,1045.0,142891.0,31290905.8,215.0,3.7,1.72
2023-06-08,219.6,214.1,215.0,599.0,86849.0,18771826.9,216.0,-1.0,-0.46
2023-06-07,222.0,215.7,216.0,709.0,122445.0,26804344.3,218.0,-2.0,-0.92
2023-06-06,220.0,214.7,218.0,662.0,65877.0,14366087.9,217.5,0.5,0.23
2023-06-05,225.5,216.8,217.5,684.0,117197.0,25812773.2,221.1,-3.6,-1.63
2023-06-04,224.4,216.0,221.1,822.0,145979.0,32199347.8,211.9,9.2,4.34
2023-06-01,214.2,205.4,211.9,714.0,136186.0,28706188.1,208.5,3.4,1.63
2023-05-31,216.0,206.0,208.5,789.0,163609.0,34451164.1,214.0,-5.5,-2.57
2023-05-30,224.0,213.0,214.0,1123.0,275721.0,59767591.4,224.0,-10.0,-4.46
2023-05-28,234.5,216.2,224.0,1716.0,346644.0,78884409.4,219.8,4.2,1.91
2023-05-24,220.0,215.0,219.8,612.0,98895.0,21554121.0,216.7,3.1,1.43
2023-05-23,219.0,212.0,216.7,628.0,83877.0,18209571.4,212.2,4.5,2.12
2023-05-22,215.1,208.4,212.2,558.0,60352.0,12810507.6,212.9,-0.7,-0.33
2023-05-21,218.2,210.0,212.9,764.0,93188.0,19888796.2,210.5,2.4,1.14
2023-05-18,214.0,205.0,210.5,608.0,75011.0,15842268.3,206.5,4.0,1.94
2023-05-17,208.0,200.0,206.5,427.0,34477.0,7084696.5,204.0,2.5,1.23
2023-05-16,205.0,200.0,204.0,378.0,43712.0,8898384.5,203.0,1.0,0.49
2023-05-15,204.9,200.0,203.0,473.0,41721.0,8428362.8,202.1,0.9,0.45
2023-05-14,208.0,202.1,202.1,468.0,50645.0,10300436.5,204.8,-2.7,-1.32
2023-05-11,208.0,202.4,204.8,343.0,35303.0,7242380.7,206.5,-1.7,-0.82
2023-05-10,210.0,204.0,206.5,385.0,29319.0,6037243.7,207.5,-1.0,-0.48
2023-05-09,208.9,204.0,207.5,503.0,42782.0,8846210.8,205.0,2.5,1.22
2023-05-08,208.0,203.1,205.0,606.0,44322.0,9051132.1,205.9,-0.9,-0.44
2023-05-07,208.9,205.1,205.9,443.0,31947.0,6588614.8,208.1,-2.2,-1.06
2023-05-04,211.0,205.0,208.1,458.0,34545.0,7175801.7,207.0,1.1,0.53
2023-05-03,210.0,206.5,207.0,441.0,42828.0,8892875.2,209.6,-2.6,-1.24
2023-05-02,215.2,209.1,209.6,488.0,47065.0,9906050.9,211.0,-1.4,-0.66
2023-04-30,214.2,210.0,211.0,594.0,63598.0,13437644.7,212.2,-1.2,-0.57
2023-04-27,214.0,211.5,212.2,488.0,45775.0,9731076.4,212.7,-0.5,-0.24
2023-04-26,217.0,212.3,212.7,533.0,47505.0,10159353.7,215.2,-2.5,-1.16
2023-04-25,219.3,212.0,215.2,533.0,50037.0,10757018.6,214.1,1.1,0.51
2023-04-24,217.0,211.0,214.1,539.0,43615.0,9350012.8,214.0,0.1,0.05
2023-04-23,216.0,212.1,214.0,527.0,61600.0,13154651.4,216.2,-2.2,-1.02
2023-04-20,225.0,216.2,216.2,444.0,51969.0,11352250.3,221.0,-4.8,-2.17
2023-04-19,226.0,219.2,221.0,741.0,108273.0,23947969.2,218.0,3.0,1.38
2023-04-18,221.7,216.0,218.0,476.0,67521.0,14774198.1,218.0,0.0,0.0
2023-04-17,223.0,217.5,218.0,534.0,68649.0,15161758.8,223.0,-5.0,-2.24
2023-04-16,223.4,216.1,223.0,751.0,100059.0,22112603.2,219.7,3.3,1.5
2023-04-12,222.0,214.0,220.6,744.0,97464.0,21388231.7,213.0,7.6,3.57
2023-04-11,217.0,209.0,213.0,581.0,54281.0,11541013.4,209.9,3.1,1.48
2023-04-10,211.0,206.2,209.9,545.0,51724.0,10780875.5,208.0,1.9,0.91
2023-04-09,215.7,207.3,208.0,662.0,54808.0,11477730.3,211.7,-3.7,-1.75
2023-04-06,219.0,211.6,211.7,574.0,74020.0,15823310.6,215.0,-3.3,-1.53
2023-04-05,217.0,211.0,215.0,535.0,42388.0,9041618.8,213.3,1.7,0.8
2023-04-04,216.0,211.0,213.3,498.0,40043.0,8539369.8,213.3,0.0,0.0
2023-04-03,216.0,213.0,213.3,538.0,53408.0,11427471.4,216.0,-2.7,-1.25
2023-04-02,225.0,215.0,216.0,600.0,70560.0,15344960.8,219.0,-3.0,-1.37
2023-03-30,221.8,218.0,219.0,527.0,40628.0,8888789.1,218.9,0.1,0.05
2023-03-29,220.0,215.5,218.9,467.0,40357.0,8769845.6,218.2,0.7,0.32
2023-03-28,221.9,216.8,218.2,590.0,61620.0,13522053.7,218.0,0.2,0.09
2023-03-27,218.8,212.2,218.0,704.0,69874.0,15009148.9,215.0,3.0,1.4
2023-03-26,217.1,213.0,215.0,709.0,81700.0,17586306.8,217.0,-2.0,-0.92
2023-03-23,220.0,216.3,217.0,531.0,57925.0,12608038.7,219.0,-2.0,-0.91
2023-03-22,226.0,218.9,219.0,675.0,75329.0,16729236.5,222.5,-3.5,-1.57
2023-03-20,222.5,217.0,222.5,654.0,61282.0,13487465.0,219.0,3.5,1.6
2023-03-19,220.0,216.1,219.0,644.0,61004.0,13313086.3,218.0,1.0,0.46
2023-03-16,222.0,215.0,218.0,526.0,67395.0,14737412.3,219.0,-1.0,-0.46
2023-03-15,222.0,216.8,219.0,483.0,58560.0,12808746.6,219.0,0.0,0.0
2023-03-14,221.6,213.2,219.0,554.0,62968.0,13807484.5,217.5,1.5,0.69
2023-03-13,222.0,217.2,217.5,627.0,82573.0,18093568.6,221.0,-3.5,-1.58
2023-03-12,230.0,219.3,221.0,899.0,183211.0,41166461.2,226.0,-5.0,-2.21
2023-03-09,226.0,216.1,226.0,809.0,99212.0,21977571.9,216.0,10.0,4.63
2023-03-07,217.9,211.0,216.0,549.0,68004.0,14627888.4,213.4,2.6,1.22
2023-03-05,218.0,211.4,213.4,793.0,117332.0,25057035.7,217.0,-3.6,-1.66
2023-03-02,222.0,217.0,217.0,597.0,69134.0,15132173.8,223.0,-6.0,-2.69
2023-03-01,231.0,222.1,223.0,486.0,51438.0,11510265.5,227.4,-4.4,-1.93
2023-02-28,230.9,220.0,227.4,1163.0,166140.0,37624576.9,222.8,4.6,2.06
2023-02-27,225.0,216.0,222.8,871.0,124059.0,27220782.6,222.0,0.8,0.36
2023-02-26,223.0,211.0,222.0,934.0,109112.0,23611454.0,220.0,2.0,0.91
2023-02-23,222.3,217.0,220.0,674.0,79930.0,17570128.2,224.8,-4.8,-2.14
2023-02-22,227.0,216.0,224.8,985.0,139794.0,31130025.4,216.0,8.8,4.07
2023-02-20,222.0,215.1,216.0,900.0,84658.0,18406537.6,220.3,-4.3,-1.95
2023-02-16,224.9,219.0,220.3,808.0,90175.0,19911564.7,221.9,-1.6,-0.72
2023-02-15,226.9,220.1,221.9,754.0,81937.0,18287309.6,223.0,-1.1,-0.49
2023-02-14,229.0,221.5,223.0,901.0,115206.0,25813781.3,227.0,-4.0,-1.76
2023-02-12,234.3,225.0,227.0,1053.0,132984.0,30484051.8,239.0,-12.0,-5.02
2023-02-09,239.9,230.5,239.0,725.0,78152.0,18348328.5,235.0,4.0,1.7
2023-02-08,242.6,233.6,235.0,1049.0,147581.0,35183159.5,237.9,-2.9,-1.22
2023-02-07,238.4,219.0,237.9,1414.0,196244.0,45810803.2,222.9,15.0,6.73
2023-02-06,225.0,219.0,222.9,710.0,64923.0,14384252.5,221.9,1.0,0.45
2023-02-05,225.0,219.0,221.9,884.0,96581.0,21489029.4,219.4,2.5,1.14
2023-02-02,234.9,218.6,219.4,792.0,101114.0,22432596.2,224.0,-4.6,-2.05
2023-02-01,227.0,221.1,224.0,726.0,80391.0,17986118.0,225.0,-1.0,-0.44
2023-01-31,232.0,220.0,225.0,1024.0,121833.0,27481698.3,227.0,-2.0,-0.88
2023-01-30,237.0,226.4,227.0,1129.0,167664.0,38532618.8,235.0,-8.0,-3.4
2023-01-29,242.8,235.0,235.0,1036.0,131466.0,31330372.5,240.0,-5.0,-2.08
2023-01-26,245.8,236.7,240.0,779.0,89416.0,21516066.7,241.5,-1.5,-0.62
2023-01-25,250.8,237.0,241.5,933.0,137285.0,33606978.6,242.0,-0.5,-0.21
2023-01-24,247.8,234.0,242.0,1159.0,132620.0,31646254.4,242.0,0.0,0.0
2023-01-23,261.0,242.0,242.0,1761.0,277901.0,69771774.0,253.0,-11.0,-4.35
2023-01-19,259.0,233.0,253.0,2041.0,350793.0,86423246.3,236.0,17.0,7.2
2023-01-18,246.0,236.0,236.0,1126.0,182265.0,43813011.6,241.7,-5.7,-2.36
2023-01-17,242.5,225.0,241.7,1332.0,182100.0,42367488.5,228.0,13.7,6.01
2023-01-12,245.0,225.1,228.0,1522.0,247823.0,57416127.5,236.0,-8.0,-3.39
2023-01-10,252.0,229.0,236.0,1907.0,282318.0,68553485.9,241.8,-5.8,-2.4
2023-01-09,241.9,231.0,241.8,1345.0,200620.0,47785489.8,233.0,8.8,3.78
2023-01-08,239.6,213.3,233.0,1659.0,283680.0,65103871.8,217.9,15.1,6.93
2023-01-05,219.0,210.1,217.9,1076.0,154372.0,33238212.5,213.2,4.7,2.2
2023-01-04,215.0,206.1,213.2,869.0,106398.0,22430983.4,208.0,5.2,2.5
2023-01-03,214.0,205.0,208.0,751.0,81379.0,17033830.7,213.0,-5.0,-2.35
2023-01-02,217.9,208.0,213.0,680.0,83694.0,17791253.5,214.0,-1.0,-0.47
2023-01-01,217.1,205.0,214.0,1100.0,162327.0,34582641.1,209.7,4.3,2.05
2022-12-29,210.0,196.0,209.7,930.0,138915.0,28516842.6,199.5,10.2,5.11
2022-12-28,208.5,199.0,199.5,1115.0,135358.0,27379301.8,204.5,-5.0,-2.44
2022-12-27,205.3,190.0,204.5,1706.0,211014.0,42499635.3,186.7,17.8,9.53
2022-12-26,191.0,180.0,186.7,667.0,73563.0,13637910.7,179.0,7.7,4.3
2022-12-22,181.0,178.0,179.0,360.0,26551.0,4749830.8,179.6,-0.6,-0.33
2022-12-21,183.7,179.0,179.6,422.0,30971.0,5574571.9,180.1,-0.5,-0.28
2022-12-20,181.5,176.9,180.1,474.0,31681.0,5716773.3,180.5,-0.4,-0.22
2022-12-19,182.0,179.3,180.5,412.0,27364.0,4940918.0,181.1,-0.6,-0.33
2022-12-18,183.2,180.0,181.1,512.0,50448.0,9158443.0,183.1,-2.0,-1.09
2022-12-15,186.5,183.0,183.1,333.0,24105.0,4429579.7,186.0,-2.9,-1.56
2022-12-14,187.6,183.6,186.0,333.0,21664.0,4013956.4,184.0,2.0,1.09
2022-12-13,186.0,182.5,184.0,362.0,26925.0,4970319.8,184.5,-0.5,-0.27
2022-12-12,184.5,181.0,184.5,425.0,33717.0,6167925.5,183.0,1.5,0.82
2022-12-11,188.0,183.0,183.0,455.0,44083.0,8099430.5,185.0,-2.0,-1.08
2022-12-07,189.0,185.0,185.0,361.0,38424.0,7131504.9,185.7,-0.7,-0.38
2022-12-06,189.0,185.3,185.7,417.0,40665.0,7581172.1,187.5,-1.8,-0.96
2022-12-05,190.0,187.1,187.5,412.0,33161.0,6238753.8,188.5,-1.0,-0.53
2022-12-04,192.0,188.0,188.5,482.0,49715.0,9413032.8,189.1,-0.6,-0.32
2022-12-01,192.0,188.1,189.1,443.0,38802.0,7375109.9,190.0,-0.9,-0.47
2022-11-30,193.0,189.0,190.0,339.0,29166.0,5557217.2,191.2,-1.2,-0.63
2022-11-29,193.0,189.3,191.2,300.0,24248.0,4623535.1,192.0,-0.8,-0.42
2022-11-28,199.9,190.0,192.0,438.0,44987.0,8662404.1,192.0,0.0,0.0
2022-11-27,192.0,189.0,192.0,536.0,42357.0,8063235.3,188.3,3.7,1.96
2022-11-24,191.0,188.0,188.3,456.0,38536.0,7292481.4,189.0,-0.7,-0.37
2022-11-23,193.0,188.0,189.0,382.0,34557.0,6544113.7,190.7,-1.7,-0.89
2022-11-22,198.0,190.6,190.7,446.0,38922.0,7521175.3,194.1,-3.4,-1.75
2022-11-17,195.0,189.2,194.1,492.0,54020.0,10437404.9,193.0,1.1,0.57
2022-11-16,195.5,189.0,193.0,602.0,65947.0,12759492.9,190.0,3.0,1.58
2022-11-15,195.0,190.0,190.0,471.0,51112.0,9794686.0,191.0,-1.0,-0.52
2022-11-14,192.0,187.5,191.0,419.0,37536.0,7130771.8,189.0,2.0,1.06
2022-11-13,192.0,187.2,189.0,459.0,31560.0,5976790.2,190.0,-1.0,-0.53
2022-11-10,195.0,189.2,190.0,461.0,39357.0,7507959.6,192.0,-2.0,-1.04
2022-11-09,201.0,192.0,192.0,498.0,52490.0,10237704.8,197.1,-5.1,-2.59
2022-11-08,201.0,196.0,197.1,385.0,32323.0,6393659.1,199.0,-1.9,-0.95
2022-11-07,205.0,199.0,199.0,630.0,71837.0,14462660.4,201.5,-2.5,-1.24
2022-11-06,204.0,197.0,201.5,558.0,52939.0,10632846.8,199.3,2.2,1.1
2022-11-03,208.0,198.5,199.3,469.0,46292.0,9281517.8,204.0,-4.7,-2.3
2022-11-02,210.0,197.0,204.0,655.0,74843.0,15185065.7,200.9,3.1,1.54
2022-11-01,200.9,189.0,200.9,704.0,74432.0,14471999.7,189.0,11.9,6.3
2022-10-31,192.0,188.0,189.0,417.0,32954.0,6227127.7,187.1,1.9,1.02
2022-10-23,189.6,186.0,187.1,344.0,25605.0,4821611.1,185.8,1.3,0.7
2022-10-20,187.0,184.0,185.8,412.0,29247.0,5423237.4,185.0,0.8,0.43
2022-10-19,186.0,184.0,185.0,466.0,41987.0,7756891.9,186.9,-1.9,-1.02
2022-10-17,187.4,182.5,186.9,464.0,40332.0,7477471.3,186.0,0.9,0.48
2022-10-16,189.3,185.0,186.0,444.0,29584.0,5534084.0,187.4,-1.4,-0.75
2022-10-13,192.0,186.0,187.4,467.0,39680.0,7455884.2,187.4,0.0,0.0
2022-10-12,190.0,185.0,187.4,380.0,30946.0,5812477.3,186.2,1.2,0.64
2022-10-11,188.4,184.0,186.2,460.0,53755.0,9996354.3,189.2,-3.0,-1.59
2022-10-10,196.0,189.0,189.2,525.0,49135.0,9373466.7,194.5,-5.3,-2.72
2022-10-09,196.9,192.0,194.5,437.0,33857.0,6568474.0,192.0,2.5,1.3
2022-09-29,193.6,189.0,192.0,454.0,50688.0,9650464.6,188.0,4.0,2.13
2022-09-28,190.0,187.0,188.0,400.0,29732.0,5600536.5,187.6,0.4,0.21
2022-09-27,190.0,185.0,187.6,557.0,43498.0,8183325.7,187.0,0.6,0.32
2022-09-25,195.9,179.9,187.0,1377.0,139884.0,25940293.8,199.8,-12.8,-6.41
2022-09-22,202.0,197.1,199.8,616.0,51537.0,10271458.5,202.5,-2.7,-1.33
2022-09-21,205.9,199.0,202.5,681.0,55598.0,11173171.6,199.9,2.6,1.3
2022-09-20,205.0,198.0,199.9,926.0,82393.0,16465150.3,205.0,-5.1,-2.49
2022-09-18,211.0,205.0,205.0,745.0,78020.0,16162223.6,210.2,-5.2,-2.47
2022-09-16,213.0,205.8,210.2,426.0,42620.0,8946374.9,214.0,-3.8,-1.78
2022-09-15,226.7,211.6,214.0,737.0,83601.0,18020076.0,223.1,-9.1,-4.08
2022-09-14,224.0,215.0,223.1,697.0,61871.0,13639140.1,215.9,7.2,3.33
2022-09-13,219.0,213.1,215.9,559.0,43593.0,9442688.7,214.0,1.9,0.89
2022-09-12,217.0,212.0,214.0,569.0,42693.0,9089869.8,215.0,-1.0,-0.47
2022-09-11,221.5,213.0,215.0,801.0,74533.0,16054089.6,217.2,-2.2,-1.01
2022-09-08,221.0,215.8,217.2,578.0,44738.0,9750651.4,217.6,-0.4,-0.18
2022-09-07,222.0,216.0,217.6,529.0,32928.0,7187857.5,220.0,-2.4,-1.09
2022-09-06,226.0,219.5,220.0,585.0,58130.0,12836195.0,222.3,-2.3,-1.03
2022-09-05,225.0,218.6,222.3,528.0,35687.0,7960370.7,223.0,-0.7,-0.31
2022-09-04,226.0,222.0,223.0,535.0,41198.0,9222143.4,223.0,0.0,0.0
2022-09-02,225.9,223.0,223.0,201.0,12089.0,2707712.4,223.1,-0.1,-0.04
2022-09-01,227.0,220.6,223.1,486.0,40413.0,9054794.3,225.1,-2.0,-0.89
2022-08-31,228.0,224.0,225.1,483.0,33083.0,7454913.5,226.8,-1.7,-0.75
2022-08-30,230.0,225.1,226.8,376.0,19865.0,4516430.8,225.5,1.3,0.58
2022-08-29,227.0,221.9,225.5,672.0,64113.0,14356465.5,225.0,0.5,0.22
2022-08-28,230.0,224.5,225.0,880.0,82956.0,18751232.2,229.0,-4.0,-1.75
2022-08-26,231.8,228.1,229.0,391.0,36361.0,8327992.6,231.8,-2.8,-1.21
2022-08-25,234.0,228.0,231.8,547.0,50536.0,11712070.2,232.6,-0.8,-0.34
2022-08-24,237.0,228.0,232.6,594.0,38823.0,9013672.0,232.0,0.6,0.26
2022-08-23,233.0,230.0,232.0,639.0,39306.0,9090752.3,232.7,-0.7,-0.3
2022-08-22,235.0,230.6,232.7,573.0,46025.0,10710773.4,234.9,-2.2,-0.94
2022-08-21,240.9,233.0,234.9,626.0,41512.0,9778069.7,237.0,-2.1,-0.89
2022-08-18,238.9,230.0,237.0,827.0,76930.0,18124142.7,231.0,6.0,2.6
2022-08-17,233.0,227.3,231.0,643.0,54991.0,12672023.2,230.1,0.9,0.39
2022-08-16,240.0,229.4,230.1,837.0,86087.0,20050005.3,236.6,-6.5,-2.75
2022-08-15,237.4,226.0,236.6,706.0,70265.0,16415788.9,229.9,6.7,2.91
2022-08-14,235.0,229.0,229.9,848.0,87124.0,20114304.1,234.0,-4.1,-1.75
2022-08-11,239.0,233.2,234.0,693.0,58253.0,13662311.7,235.0,-1.0,-0.43
2022-08-10,239.0,231.5,235.0,657.0,56855.0,13361592.6,235.0,0.0,0.0
2022-08-09,240.0,235.0,235.0,880.0,98225.0,23260532.7,239.0,-4.0,-1.67
2022-08-08,247.8,239.0,239.0,918.0,102562.0,24777451.0,243.0,-4.0,-1.65
2022-08-07,249.5,238.5,243.0,809.0,65696.0,16019576.2,242.0,1.0,0.41
2022-08-05,249.0,242.0,242.0,605.0,72923.0,17756635.5,248.0,-6.0,-2.42
2022-08-04,256.0,247.0,248.0,1104.0,154422.0,38667561.4,254.0,-6.0,-2.36
2022-08-03,264.0,253.0,254.0,943.0,140288.0,36359913.0,259.0,-5.0,-1.93
2022-08-02,264.0,255.5,259.0,834.0,105893.0,27378236.7,263.0,-4.0,-1.52
2022-08-01,269.2,260.0,263.0,1320.0,211469.0,56049932.6,264.0,-1.0,-0.38
2022-07-31,267.0,251.0,264.0,1640.0,273966.0,71368877.7,251.2,12.8,5.1
2022-07-29,257.0,249.1,251.2,562.0,89958.0,22766759.8,250.0,1.2,0.48
2022-07-28,265.3,247.0,250.0,1441.0,215017.0,54241458.8,247.4,2.6,1.05
2022-07-27,247.8,241.0,247.4,873.0,90584.0,22118304.1,245.1,2.3,0.94
2022-07-26,257.0,245.0,245.1,968.0,125228.0,31207839.4,253.0,-7.9,-3.12
2022-07-25,255.0,245.1,253.0,1239.0,157997.0,39670979.1,246.5,6.5,2.64
2022-07-24,248.0,239.9,246.5,1172.0,123649.0,29990509.4,240.0,6.5,2.71
2022-07-22,246.0,238.3,240.0,649.0,71190.0,17132393.6,240.3,-0.3,-0.12
2022-07-21,245.0,240.0,240.3,572.0,59653.0,14431935.9,245.0,-4.7,-1.92
2022-07-20,248.0,242.0,245.0,556.0,39721.0,9711073.3,244.0,1.0,0.41
2022-07-19,250.0,243.1,244.0,687.0,68376.0,16837898.4,243.5,0.5,0.21
2022-07-18,247.0,240.0,243.5,541.0,46856.0,11417109.8,242.0,1.5,0.62
2022-07-17,246.0,240.0,242.0,602.0,57214.0,13875622.0,240.0,2.0,0.83
2022-07-15,244.0,239.2,240.0,416.0,40374.0,9717958.0,242.4,-2.4,-0.99
2022-07-14,250.9,241.0,242.4,736.0,76790.0,18776494.0,244.0,-1.6,-0.66
2022-07-13,244.0,230.5,244.0,699.0,73157.0,17542710.0,233.0,11.0,4.72
2022-07-12,239.0,230.3,233.0,772.0,92289.0,21673495.8,232.0,1.0,0.43
2022-07-11,240.0,231.0,232.0,1083.0,110528.0,25860273.1,240.5,-8.5,-3.53
2022-07-08,249.0,237.5,240.5,488.0,60023.0,14475174.0,247.0,-6.5,-2.63
2022-07-07,260.0,244.1,247.0,815.0,67965.0,16917341.8,250.0,-3.0,-1.2
2022-07-06,252.0,241.1,250.0,850.0,84478.0,20858395.1,247.0,3.0,1.21
2022-07-05,261.0,247.0,247.0,1133.0,128069.0,32249880.3,258.0,-11.0,-4.26
2022-07-04,274.0,255.0,258.0,1603.0,178532.0,47530006.8,261.9,-3.9,-1.49
2022-07-03,264.0,241.1,261.9,956.0,101703.0,26154106.2,251.0,10.9,4.34
2022-07-01,260.0,250.0,251.0,519.0,47058.0,11956395.0,254.6,-3.6,-1.41
2022-06-30,257.0,244.0,254.6,1075.0,121168.0,30616365.2,243.0,11.6,4.77
2022-06-29,245.0,235.0,243.0,610.0,60411.0,14602890.8,239.3,3.7,1.55
2022-06-28,241.0,232.1,239.3,547.0,78988.0,18702371.5,241.0,-1.7,-0.71
2022-06-27,255.0,240.4,241.0,972.0,91212.0,22578158.3,248.5,-7.5,-3.02
2022-06-26,249.0,232.0,248.5,1130.0,118265.0,28602035.3,232.4,16.1,6.93
2022-06-24,240.0,221.5,232.4,476.0,60604.0,13872426.8,228.1,4.3,1.89
2022-06-23,238.0,228.0,228.1,825.0,77192.0,17708444.9,236.0,-7.9,-3.35
2022-06-22,241.0,235.0,236.0,510.0,47674.0,11286217.3,241.0,-5.0,-2.07
2022-06-21,245.0,230.1,241.0,678.0,78620.0,18730001.1,233.5,7.5,3.21
2022-06-20,242.0,231.5,233.5,958.0,97965.0,22949627.1,242.0,-8.5,-3.51
2022-06-19,254.0,242.0,242.0,858.0,79012.0,19342270.4,250.5,-8.5,-3.39
2022-06-17,256.0,250.0,250.5,271.0,21156.0,5324665.4,252.0,-1.5,-0.6
2022-06-16,258.9,247.0,252.0,665.0,57997.0,14698177.3,252.0,0.0,0.0
2022-06-15,257.5,247.0,252.0,857.0,73439.0,18394133.8,256.5,-4.5,-1.75
2022-06-14,264.6,255.0,256.5,989.0,99008.0,25519416.7,264.6,-8.1,-3.06
2022-06-13,270.0,264.0,264.6,575.0,34768.0,9248859.2,268.9,-4.3,-1.6
2022-06-10,273.0,264.1,268.9,434.0,35540.0,9486148.5,268.0,0.9,0.34
2022-06-09,279.9,267.0,268.0,813.0,80519.0,21992928.8,273.0,-5.0,-1.83
2022-06-08,275.5,262.0,273.0,776.0,100083.0,26865106.2,262.0,11.0,4.2
2022-06-07,271.0,262.0,262.0,816.0,59946.0,15877157.1,269.1,-7.1,-2.64
2022-06-06,275.9,266.0,269.1,819.0,67655.0,18308815.7,268.5,0.6,0.22
2022-06-03,276.0,265.8,268.5,622.0,52214.0,14118099.7,271.1,-2.6,-0.96
2022-06-02,279.0,271.0,271.1,623.0,50586.0,13827089.3,274.5,-3.4,-1.24
2022-06-01,277.0,271.0,274.5,746.0,60533.0,16487123.7,272.9,1.6,0.59
2022-05-31,281.0,270.0,272.9,939.0,90866.0,24893200.8,277.4,-4.5,-1.62
2022-05-30,289.0,277.0,277.4,1006.0,83006.0,23231416.7,285.0,-7.6,-2.67
2022-05-27,291.9,283.0,285.0,621.0,49978.0,14277406.3,287.0,-2.0,-0.7
2022-05-26,290.7,285.0,287.0,646.0,56271.0,16165619.1,285.5,1.5,0.53
2022-05-25,292.9,285.5,285.5,762.0,60952.0,17574770.2,286.0,-0.5,-0.17
2022-05-24,289.9,280.6,286.0,667.0,43538.0,12476385.5,283.7,2.3,0.81
2022-05-23,290.0,283.0,283.7,922.0,73828.0,21005842.2,290.0,-6.3,-2.17
2022-05-20,295.0,287.5,290.0,590.0,46782.0,13529611.7,290.0,0.0,0.0
2022-05-19,295.8,289.0,290.0,761.0,67614.0,19678255.2,290.0,0.0,0.0
2022-05-18,296.9,287.1,290.0,758.0,63188.0,18464425.2,292.0,-2.0,-0.68
2022-05-17,301.0,290.0,292.0,832.0,77100.0,22715745.0,302.0,-10.0,-3.31
2022-05-12,315.0,301.1,302.0,888.0,87012.0,26760925.4,309.0,-7.0,-2.27
2022-05-11,311.0,294.7,309.0,889.0,98431.0,30114573.5,299.2,9.8,3.28
2022-05-10,300.0,292.0,299.2,755.0,68424.0,20379178.6,292.0,7.2,2.47
2022-05-09,302.0,290.0,292.0,1102.0,110453.0,32686791.8,297.3,-5.3,-1.78
2022-05-08,299.0,280.0,297.3,937.0,92245.0,26258427.7,286.5,10.8,3.77
2022-05-05,295.0,285.0,286.5,1274.0,121469.0,35049459.9,292.1,-5.6,-1.92
2022-05-04,299.0,290.0,292.1,973.0,99614.0,29282853.9,295.3,-3.2,-1.08
2022-05-02,302.0,295.0,295.3,1118.0,125585.0,37277588.4,301.6,-6.3,-2.09
2022-04-28,312.0,301.0,301.6,1011.0,114023.0,34624846.3,307.0,-5.4,-1.76
2022-04-27,309.0,300.0,307.0,837.0,63206.0,19251187.6,305.5,1.5,0.49
2022-04-26,313.0,303.8,305.5,884.0,74586.0,22937766.1,309.5,-4.0,-1.29
2022-04-25,320.9,308.7,309.5,1153.0,113420.0,35573846.9,317.9,-8.4,-2.64
2022-04-24,320.9,296.0,317.9,1621.0,152478.0,47195963.1,299.0,18.9,6.32
2022-04-21,302.8,290.9,299.0,1148.0,109454.0,32407247.8,296.3,2.7,0.91
2022-04-20,305.0,295.0,296.3,1161.0,106913.0,31894246.9,302.0,-5.7,-1.89
2022-04-19,309.0,293.0,302.0,1131.0,99793.0,30044921.9,300.0,2.0,0.67
2022-04-18,312.0,300.0,300.0,1414.0,122674.0,37206504.42,310.0,-10.0,-3.23
2022-04-17,320.0,309.5,310.0,1246.0,107084.0,33504856.0,316.0,-6.0,-1.9
2022-04-13,320.0,310.0,316.0,1133.0,102510.0,32337456.0,314.0,2.0,0.64
2022-04-12,320.4,312.0,314.0,1156.0,117778.0,37093455.7,318.5,-4.5,-1.41
2022-04-11,337.0,318.0,318.5,1544.0,222068.0,72120158.0,324.0,-5.5,-1.7
2022-04-07,329.9,312.0,324.0,1596.0,138885.0,44953887.5,318.0,6.0,1.89
2022-04-06,322.0,311.1,318.0,1333.0,130855.0,41511949.9,317.0,1.0,0.32
2022-04-05,323.6,315.0,317.0,1506.0,138955.0,44090579.0,323.6,-6.6,-2.04
2022-04-04,328.0,322.0,323.6,1159.0,95123.0,30781730.7,324.7,-1.1,-0.34
2022-04-03,330.0,323.0,324.7,1210.0,92142.0,30047913.9,331.5,-6.8,-2.05
2022-03-31,341.0,330.0,331.5,1070.0,82958.0,27594221.2,337.0,-5.5,-1.63
2022-03-30,338.6,326.0,337.0,1207.0,103888.0,34506736.9,326.5,10.5,3.22
2022-03-29,334.0,325.0,326.5,1100.0,100040.0,32826960.2,326.1,0.4,0.12
2022-03-28,334.9,326.0,326.1,1353.0,134867.0,44452690.2,332.0,-5.9,-1.78
2022-03-27,343.0,331.0,332.0,1615.0,152689.0,51077147.6,340.0,-8.0,-2.35
2022-03-24,349.0,340.0,340.0,1412.0,128898.0,44199850.4,348.0,-8.0,-2.3
2022-03-23,353.1,346.1,348.0,1225.0,114510.0,39971360.3,353.1,-5.1,-1.44
2022-03-22,360.0,353.0,353.1,1564.0,138968.0,49288344.1,353.0,0.1,0.03
2022-03-21,360.0,347.1,353.0,1884.0,180026.0,63827028.6,354.0,-1.0,-0.28
2022-03-20,357.0,336.0,354.0,1882.0,171499.0,58702919.8,337.5,16.5,4.89
2022-03-16,345.9,337.5,337.5,1208.0,106986.0,36367889.4,342.0,-4.5,-1.32
2022-03-15,350.0,340.0,342.0,1601.0,157124.0,53885281.0,348.0,-6.0,-1.72
2022-03-14,358.0,345.0,348.0,680.0,82838.0,28916286.1,354.0,-6.0,-1.69
2022-03-13,356.0,338.0,354.0,2296.0,227867.0,79422452.5,336.0,18.0,5.36
2022-03-10,336.0,319.0,336.0,1661.0,185613.0,61309345.2,323.0,13.0,4.02
2022-03-09,333.0,321.5,323.0,1255.0,96432.0,31315138.7,330.0,-7.0,-2.12
2022-03-07,337.0,328.0,330.0,1417.0,107525.0,35725929.5,331.0,-1.0,-0.3
2022-03-06,338.0,325.1,331.0,1663.0,129473.0,42995263.9,331.0,0.0,0.0
2022-03-02,345.9,329.0,331.0,2116.0,220597.0,73794429.7,343.9,-12.9,-3.75
2022-02-28,365.0,341.8,343.9,1729.0,173421.0,60438649.4,351.0,-7.1,-2.02
2022-02-27,360.0,345.1,351.0,1987.0,155707.0,54898156.3,354.0,-3.0,-0.85
2022-02-24,360.9,350.0,354.0,1575.0,235395.0,83278487.9,360.0,-6.0,-1.67
2022-02-23,367.0,358.0,360.0,1254.0,137830.0,49786923.8,364.9,-4.9,-1.34
2022-02-22,371.0,363.2,364.9,1173.0,111847.0,40999535.0,365.9,-1.0,-0.27
2022-02-21,375.0,362.0,365.9,1138.0,118146.0,43191813.7,361.5,4.4,1.22
2022-02-20,374.0,355.0,361.5,1897.0,224491.0,81730331.6,369.0,-7.5,-2.03
2022-02-17,374.0,366.0,369.0,1119.0,116473.0,43089855.2,372.0,-3.0,-0.81
2022-02-16,384.0,367.0,372.0,1449.0,219828.0,82322196.7,377.0,-5.0,-1.33
2022-02-15,381.0,356.8,377.0,1462.0,163852.0,60518099.0,364.0,13.0,3.57
2022-02-14,379.9,360.0,364.0,1992.0,303691.0,111054870.8,367.0,-3.0,-0.82
2022-02-13,385.0,360.7,367.0,4019.0,685053.0,253292487.4,392.0,-25.0,-6.38
2022-02-10,401.0,390.0,392.0,1996.0,329169.0,129906070.9,397.0,-5.0,-1.26
2022-02-09,405.0,392.0,397.0,2157.0,357001.0,141340452.5,405.0,-8.0,-1.98
2022-02-08,435.0,398.0,405.0,5193.0,778107.0,323301086.9,410.1,-5.1,-1.24
2022-02-07,413.0,375.0,410.1,8510.0,1227275.0,493449839.8,380.0,30.1,7.92
2022-02-06,381.0,365.3,380.0,2070.0,261674.0,97833474.3,376.5,3.5,0.93
2022-02-03,392.0,376.0,376.5,3601.0,479810.0,184807759.7,376.0,0.5,0.13
2022-02-01,386.5,372.5,376.0,2032.0,234316.0,88681690.2,379.0,-3.0,-0.79
2022-01-31,391.5,368.0,379.0,3449.0,432113.0,164042940.1,375.1,3.9,1.04
2022-01-30,375.1,347.8,375.1,2668.0,335843.0,122856538.0,341.0,34.1,10.0
2022-01-27,350.0,340.1,341.0,1298.0,110333.0,37834334.2,343.1,-2.1,-0.61
2022-01-26,354.0,339.0,343.1,1632.0,162777.0,56089038.1,353.5,-10.4,-2.94
2022-01-25,362.0,342.0,353.5,1721.0,160557.0,56683711.6,356.0,-2.5,-0.7
2022-01-24,374.0,352.0,356.0,2405.0,256935.0,92238221.3,372.0,-16.0,-4.3
2022-01-23,382.0,368.0,372.0,1941.0,183380.0,68675224.2,374.0,-2.0,-0.53
2022-01-20,375.0,366.0,374.0,1980.0,217424.0,81033290.6,368.0,6.0,1.63
2022-01-19,373.0,363.1,368.0,2094.0,209171.0,76985279.0,372.1,-4.1,-1.1
2022-01-18,384.0,370.1,372.1,2620.0,263726.0,99014173.5,382.5,-10.4,-2.72
2022-01-17,396.0,376.0,382.5,2654.0,280447.0,107784358.1,389.0,-6.5,-1.67
2022-01-16,415.0,381.5,389.0,4625.0,640840.0,254151957.1,392.9,-3.9,-0.99
2022-01-13,400.0,372.9,392.9,4860.0,572402.0,222911717.9,372.9,20.0,5.36
2022-01-12,372.9,340.0,372.9,2623.0,443532.0,163248628.9,339.0,33.9,10.0
2022-01-11,345.0,317.9,339.0,1766.0,217947.0,71333899.0,318.0,21.0,6.6
2022-01-10,324.0,314.0,318.0,1450.0,165581.0,52773846.4,316.0,2.0,0.63
2022-01-09,320.9,308.0,316.0,1614.0,152930.0,48356856.6,308.0,8.0,2.6
2022-01-06,311.0,301.8,308.0,1017.0,72266.0,22241675.9,307.9,0.1,0.03
2022-01-05,320.0,307.0,307.9,1275.0,113843.0,35610256.5,316.0,-8.1,-2.56
2022-01-04,322.0,289.1,316.0,1540.0,181835.0,54767414.1,293.9,22.1,7.52
2022-01-03,297.0,287.0,293.9,819.0,58152.0,17116843.8,292.0,1.9,0.65
2022-01-02,295.0,290.0,292.0,1071.0,75101.0,21913380.8,291.0,1.0,0.34
2021-12-29,293.5,289.0,291.0,661.0,51602.0,15029644.8,291.9,-0.9,-0.31
2021-12-28,294.9,284.0,291.9,885.0,78749.0,22874797.3,293.0,-1.1,-0.38
2021-12-27,307.9,292.0,293.0,934.0,83592.0,24800074.1,302.0,-9.0,-2.98
2021-12-26,310.0,300.0,302.0,1059.0,77040.0,23359208.7,302.0,0.0,0.0
2021-12-23,307.0,296.8,302.0,1011.0,116170.0,35110575.0,301.0,1.0,0.33
2021-12-22,301.0,290.0,301.0,995.0,100683.0,29986888.5,291.0,10.0,3.44
2021-12-21,294.6,287.0,291.0,836.0,52346.0,15182489.9,289.0,2.0,0.69
2021-12-20,292.5,284.0,289.0,760.0,51655.0,14867363.3,289.0,0.0,0.0
2021-12-16,297.7,286.2,289.0,819.0,74886.0,21760492.9,291.9,-2.9,-0.99
2021-12-15,310.0,285.0,291.9,1871.0,174205.0,51992335.3,290.0,1.9,0.66
2021-12-14,291.0,275.0,290.0,650.0,57731.0,16402365.0,270.1,19.9,7.37
2021-12-13,280.0,268.5,270.1,1451.0,134542.0,36710854.4,284.2,-14.1,-4.96
2021-12-12,301.0,284.2,284.2,1293.0,146644.0,42441236.8,296.0,-11.8,-3.99
2021-12-09,298.7,290.5,296.0,897.0,68966.0,20277505.2,293.6,2.4,0.82
2021-12-08,301.0,290.0,293.6,866.0,70229.0,20714986.5,297.0,-3.4,-1.14
2021-12-07,313.0,290.0,297.0,1410.0,148038.0,44613257.2,298.1,-1.1,-0.37
2021-12-06,302.0,288.0,298.1,1642.0,158263.0,46789993.3,299.0,-0.9,-0.3
2021-12-05,316.2,297.1,299.0,1590.0,148968.0,44997179.2,310.0,-11.0,-3.55
2021-12-02,316.0,307.4,310.0,1023.0,71495.0,22255686.3,313.6,-3.6,-1.15
2021-12-01,316.1,310.0,313.6,948.0,77321.0,24293555.8,312.5,1.1,0.35
2021-11-30,320.0,308.0,312.5,1205.0,91375.0,28587449.7,316.2,-3.7,-1.17
2021-11-29,321.0,316.0,316.2,1179.0,81228.0,25833711.8,321.0,-4.8,-1.5
2021-11-28,336.0,313.6,321.0,1839.0,177279.0,57263121.4,335.0,-14.0,-4.18
2021-11-25,338.1,332.0,335.0,1623.0,131504.0,44119898.6,331.48,3.52,1.06
2021-11-24,360.0,350.0,358.0,2890.0,204852.0,72824729.3,353.0,5.0,1.42
2021-11-23,361.0,351.9,353.0,1409.0,84926.0,30059724.9,358.9,-5.9,-1.64
2021-11-22,363.0,353.0,358.9,1770.0,128568.0,46077460.7,355.4,3.5,0.98
2021-11-21,364.0,354.0,355.4,1459.0,86458.0,30852835.0,357.0,-1.6,-0.45
2021-11-18,365.0,356.1,357.0,1389.0,114092.0,41085428.7,361.5,-4.5,-1.24
2021-11-17,370.0,360.1,361.5,1505.0,113811.0,41230625.9,358.0,3.5,0.98
2021-11-16,367.2,350.0,358.0,1213.0,76190.0,27249470.5,355.8,2.2,0.62
2021-11-15,365.8,355.0,355.8,1266.0,83297.0,29861448.3,355.0,0.8,0.23
2021-11-14,375.5,355.0,355.0,1603.0,118795.0,42817631.5,361.0,-6.0,0.0
2021-11-11,375.0,360.0,361.0,1356.0,114346.0,41803145.7,374.0,-13.0,0.0
2021-11-09,385.0,362.6,374.0,2492.0,242919.0,91212904.6,372.0,2.0,0.0
2021-11-08,375.0,355.0,372.0,2686.0,253551.0,93173559.5,349.0,23.0,0.0
2021-11-03,352.0,345.0,349.0,920.0,71443.0,24918182.4,349.7,-0.7,0.0
2021-11-02,350.0,345.0,349.7,784.0,61891.0,21530507.8,349.0,0.7,0.0
2021-11-01,358.0,348.0,349.0,1197.0,114146.0,40073362.0,351.4,-2.4,0.0
2021-10-31,355.0,349.0,351.4,1487.0,121645.0,42782255.3,348.8,2.6,0.0
2021-10-28,353.0,347.0,348.8,1156.0,87422.0,30587950.4,353.0,-4.2,0.0
2021-10-27,362.0,349.0,353.0,1183.0,86232.0,30677681.8,355.0,-2.0,0.0
2021-10-26,358.0,345.0,355.0,1470.0,129038.0,45639310.0,346.9,8.1,0.0
2021-10-25,347.0,337.0,346.9,1085.0,81851.0,28114048.5,337.2,9.7,0.0
2021-10-24,344.0,336.0,337.2,1092.0,71357.0,24105372.3,338.0,-0.8,0.0
2021-10-21,348.8,336.0,338.0,917.0,66702.0,22635901.3,342.5,-4.5,0.0
2021-10-20,350.0,338.0,342.5,847.0,79034.0,27074083.9,335.0,7.5,0.0
2021-10-19,346.0,332.5,335.0,1398.0,129619.0,43663588.5,348.0,-13.0,0.0
2021-10-18,364.0,344.0,348.0,984.0,95320.0,33254022.5,360.0,-12.0,0.0
2021-10-17,368.7,354.0,360.0,874.0,75468.0,27156223.6,361.5,-1.5,0.0
2021-10-11,378.4,350.0,361.5,2649.0,324332.0,116728784.2,344.0,17.5,0.0
2021-10-10,350.0,343.0,344.0,1047.0,89147.0,30838957.5,344.0,0.0,0.0
2021-10-06,344.9,336.0,344.0,1273.0,121946.0,41504570.7,336.0,8.0,0.0
2021-10-05,339.0,332.0,336.0,1315.0,88376.0,29701429.2,332.0,4.0,0.0
2021-10-04,340.0,326.0,332.0,1467.0,96660.0,31992577.6,335.0,-3.0,0.0
2021-10-03,350.0,334.0,335.0,1593.0,102615.0,34696957.2,344.3,-9.3,0.0
2021-09-30,354.0,343.2,344.3,1395.0,100402.0,34762694.5,350.9,-6.6,-1.88
2021-09-29,352.0,331.3,350.9,1990.0,170926.0,58560708.1,339.8,11.1,3.27
2021-09-28,357.0,338.2,339.8,2480.0,198611.0,68567911.9,350.0,-10.2,-2.91
2021-09-27,370.1,349.0,350.0,2699.0,206877.0,72956805.3,364.6,-14.6,-4.0
2021-09-26,386.5,364.0,364.6,2278.0,161812.0,59516805.2,379.0,-14.4,-3.8
2021-09-23,398.0,377.0,379.0,2577.0,192952.0,74044763.5,389.0,-10.0,-2.57
2021-09-22,400.0,385.0,390.0,3178.0,250875.0,98034995.5,382.0,7.0,2.09
2021-09-21,397.0,351.7,382.0,5811.0,541390.0,204611899.7,365.0,17.0,4.66
2021-09-20,389.9,364.6,365.0,3598.0,291101.0,108228019.4,388.5,-23.5,-6.05
2021-09-16,395.0,384.7,388.5,2977.0,230337.0,89182820.8,394.5,-6.0,-1.52
2021-09-15,402.0,394.0,394.5,2383.0,179287.0,71138962.3,399.7,-5.2,-1.3
2021-09-14,404.0,399.0,399.7,2460.0,218439.0,87521687.3,401.5,-1.8,-0.45
2021-09-13,410.0,400.0,401.5,2566.0,215429.0,86949770.3,403.7,-2.2,-0.54
2021-09-12,412.0,403.0,403.7,2510.0,187082.0,75678745.1,404.1,-0.4,-0.1
2021-09-09,414.0,401.1,404.1,1801.0,132126.0,53650627.8,404.0,0.1,0.02
2021-09-08,412.0,404.0,404.0,1826.0,133879.0,54458395.5,412.2,-8.2,-1.99
2021-09-07,430.0,409.1,412.2,2024.0,162279.0,67337159.1,423.5,-11.3,-2.67
2021-09-06,424.0,400.0,423.5,3049.0,245189.0,101242854.2,402.0,21.5,5.35
2021-09-05,426.8,400.0,402.0,3866.0,344529.0,139502496.0,418.5,-16.5,-3.94
2021-09-02,439.6,417.0,418.5,3254.0,262291.0,110819155.8,431.0,-12.5,-2.9
2021-09-01,442.6,427.0,431.0,2739.0,189142.0,81740592.8,428.0,3.0,0.7
2021-08-31,444.0,427.0,428.0,3551.0,284420.0,122449563.8,439.1,-11.1,-2.53
2021-08-29,453.0,439.0,439.1,4196.0,308431.0,136352044.2,448.4,-9.3,-2.07
2021-08-26,460.0,447.0,448.4,3278.0,268366.0,120764923.3,451.2,-2.8,-0.62
2021-08-25,456.0,450.2,451.2,2506.0,203612.0,92120204.3,458.3,-7.1,-1.55
2021-08-24,469.0,457.0,458.3,2865.0,212566.0,97816903.1,468.1,-9.8,-2.28
2021-08-19,492.0,465.0,469.0,3590.0,297630.0,141836051.7,480.0,-11.9,-2.48
2021-08-18,494.0,449.5,480.0,6655.0,693344.0,327692033.5,456.0,24.0,5.26
2021-08-17,466.0,455.0,456.0,4299.0,374615.0,171288666.7,461.9,-5.9,-1.28
2021-08-16,470.0,460.1,461.9,4199.0,329789.0,152712194.3,468.0,-6.1,-1.3
2021-08-15,482.0,467.0,468.8,3762.0,365348.0,171712442.9,475.5,-7.5,-1.41
2021-08-12,487.0,466.6,475.5,3240.0,296207.0,141329908.4,478.0,-2.5,-0.52
2021-08-11,490.0,476.0,478.0,2831.0,267068.0,127875755.9,481.0,-3.0,-0.62
2021-08-10,487.5,475.0,481.0,3823.0,344596.0,164955950.7,478.0,3.0,0.63
2021-08-09,482.0,477.0,478.0,3550.0,311376.0,148888217.2,482.0,-4.0,-0.83
2021-08-08,488.0,480.0,482.0,4103.0,392438.0,189108037.8,492.0,-10.0,-2.03
2021-08-05,505.0,489.0,492.0,2724.0,226837.0,111865875.9,499.5,-7.5,-1.5
2021-08-04,516.0,473.9,499.5,5418.0,552344.0,276543752.5,483.5,16.0,3.31
2021-08-03,491.0,480.0,483.5,3181.0,233403.0,112664530.4,481.5,2.0,0.52
2021-08-02,485.2,481.1,481.5,2988.0,232036.0,111887840.4,484.7,-3.2,-0.66
2021-08-01,496.7,484.1,484.7,3200.0,220642.0,107099859.4,487.0,-2.3,-0.47
2021-07-29,493.0,486.6,487.0,2523.0,206567.0,100796946.9,490.0,-3.0,-0.61
2021-07-28,495.0,486.1,490.0,2681.0,216256.0,105812945.7,492.5,-2.5,-0.51
2021-07-27,495.2,482.0,492.5,3540.0,293096.0,142770973.7,488.0,4.5,0.92
2021-07-26,496.0,487.1,488.0,3415.0,294200.0,144105616.6,492.0,-4.0,-0.81
2021-07-25,498.0,490.1,492.0,3646.0,300559.0,148165022.4,492.6,-0.6,-0.12
2021-07-22,497.0,490.0,492.6,2886.0,209467.0,102985225.7,492.0,0.6,0.41
2021-07-20,500.0,491.0,492.0,1903.0,159685.0,78801884.6,498.0,-6.0,-1.2
2021-07-19,508.0,495.4,498.0,2314.0,212059.0,105896353.8,499.0,-1.0,-0.4
2021-07-18,504.0,492.0,499.0,2663.0,207820.0,103500851.2,492.0,7.0,1.42
2021-07-15,497.0,490.0,492.0,1878.0,164324.0,80746434.0,491.0,1.0,0.2
2021-07-14,505.0,489.0,491.0,1693.0,154072.0,75807817.0,494.0,-3.0,-0.61
2021-07-13,504.0,488.0,494.0,2148.0,253886.0,125187965.0,495.0,-1.0,-0.2
2021-07-12,536.0,490.0,495.0,3175.0,364593.0,182771558.0,511.0,-16.0,-3.13
2021-07-11,512.0,495.0,511.0,3964.0,373329.0,187845642.0,490.0,21.0,4.29
2021-07-08,508.0,473.0,490.0,3071.0,290179.0,139925228.0,479.0,11.0,2.3
2021-07-07,486.0,478.0,479.0,2578.0,227513.0,109376070.0,484.0,-5.0,-1.03
2021-07-06,495.0,481.0,484.0,3157.0,255098.0,123746853.0,489.0,-5.0,-1.02
2021-07-05,499.0,488.0,489.0,3244.0,271311.0,133235970.0,497.0,-8.0,-1.61
2021-07-04,505.0,496.0,497.0,3009.0,184761.0,92046354.0,501.0,-4.0,-0.8
2021-07-01,508.0,500.0,501.0,2616.0,209366.0,105338016.0,500.0,1.0,0.2
2021-06-30,505.0,495.0,500.0,3032.0,240095.0,119653720.0,503.0,-3.0,-0.6
2021-06-29,515.0,502.0,503.0,2620.0,247114.0,125059436.0,509.0,-6.0,-1.18
2021-06-28,518.0,505.0,509.0,2695.0,185355.0,94407933.0,511.0,-2.0,-0.39
2021-06-27,519.0,506.0,511.0,3680.0,306783.0,156557063.0,510.0,1.0,0.2
2021-06-24,518.0,508.0,510.0,3151.0,252503.0,128823709.0,512.0,-2.0,-0.59
2021-06-23,533.0,511.0,512.0,2369.0,201087.0,101864262.0,524.0,-12.0,-2.29
2021-06-22,524.0,505.0,524.0,3693.0,402416.0,207335025.0,510.0,14.0,2.75
2021-06-21,526.0,509.0,510.0,4462.0,420675.0,216499879.0,523.0,-13.0,-2.49
2021-06-20,537.0,520.0,523.0,3954.0,388678.0,203801916.0,529.0,-6.0,-1.13
2021-06-17,535.0,525.0,529.0,3826.0,464954.0,245450708.0,534.0,-5.0,-0.94
2021-06-16,536.0,523.0,534.0,4888.0,483442.0,256301694.0,539.0,-5.0,-0.93
2021-06-15,563.0,539.0,539.0,3098.0,320786.0,174565620.0,550.0,-11.0,-2.0
2021-06-14,565.0,539.0,550.0,5026.0,577558.0,316920942.0,537.0,13.0,2.42
2021-06-13,548.0,539.0,537.0,4182.0,419915.0,225843331.0,541.0,-4.0,-0.92
2021-06-10,560.0,545.0,541.0,3805.0,444293.0,242045120.0,549.0,-8.0,-1.09
2021-06-09,568.0,547.0,549.0,3598.0,466594.0,258073985.0,561.0,-12.0,-2.14
2021-06-08,578.0,560.0,561.0,4317.0,588485.0,333115109.0,572.0,-11.0,-1.75
2021-06-07,599.0,566.0,572.0,6664.0,805770.0,466288021.0,578.0,-6.0,-1.04
2021-06-06,581.0,542.0,578.0,10381.0,1478885.0,839044067.0,533.0,45.0,8.26
2021-06-03,540.0,525.0,533.0,5473.0,618859.0,331386774.0,524.0,9.0,1.72
2021-06-02,532.0,522.0,524.0,3205.0,312966.0,164348306.0,525.0,-1.0,-0.19
2021-06-01,532.0,525.0,524.0,2956.0,285458.0,150125522.0,526.0,-1.0,-0.38
2021-05-31,535.0,526.0,526.0,3678.0,332230.0,175793236.0,530.0,-4.0,-0.75
2021-05-30,545.0,528.0,530.0,4600.0,522428.0,277933295.0,530.0,0.0,0.0
2021-05-27,536.0,529.0,530.0,3512.0,391248.0,207873796.0,534.0,-4.0,-0.75
2021-05-25,555.0,532.0,534.0,2708.0,261918.0,139992847.0,536.0,-2.0,-0.37
2021-05-24,545.0,535.0,536.0,3330.0,344835.0,185478431.0,538.0,-2.0,-0.37
2021-05-23,543.0,529.0,538.0,3303.0,362473.0,194864909.0,537.0,1.0,0.19
2021-05-20,560.0,530.0,537.0,2993.0,371438.0,199767111.0,538.0,-1.0,-0.19
2021-05-19,552.0,537.0,538.0,3044.0,323110.0,175636344.0,544.0,-6.0,-1.1
2021-05-18,553.0,542.0,544.0,2931.0,314084.0,171339779.0,546.0,-2.0,-0.37
2021-05-17,560.0,545.0,546.0,3159.0,331567.0,182353256.0,547.0,-1.0,-0.18
2021-05-16,549.0,526.0,547.0,4418.0,546356.0,294990546.0,531.0,16.0,3.01
2021-05-13,537.0,525.0,531.0,2459.0,256911.0,136794532.0,534.0,-3.0,-0.56
2021-05-12,545.0,511.0,534.0,1854.0,167760.0,89849014.0,537.0,-3.0,-0.56
2021-05-11,543.0,530.0,537.0,2459.0,216667.0,116713070.0,534.0,3.0,0.56
2021-05-10,540.0,525.0,534.0,2686.0,182691.0,97261154.0,528.0,6.0,1.14
2021-05-09,535.0,520.0,528.0,3759.0,297827.0,157395044.0,532.0,-4.0,-0.75
2021-05-06,540.0,531.0,532.0,2867.0,282014.0,150756153.0,540.0,-8.0,-1.48
2021-05-05,544.0,539.0,540.0,2478.0,230204.0,124601784.0,544.0,-4.0,-0.74
2021-05-04,560.0,541.0,544.0,2524.0,302660.0,164860071.0,544.0,0.0,0.0
2021-05-03,554.0,542.0,544.0,3643.0,368189.0,201660082.0,542.0,2.0,0.37
2021-05-02,545.0,535.0,542.0,4014.0,448160.0,242246556.0,542.0,0.0,0.0
2021-04-29,549.0,534.0,542.0,2684.0,210781.0,114279443.0,545.0,-3.0,-0.55
2021-04-28,555.0,532.0,545.0,2675.0,209761.0,114641622.0,547.0,-2.0,-0.37
2021-04-27,548.0,517.0,546.0,4259.0,392155.0,211677436.0,526.0,21.0,3.8
2021-04-26,541.0,520.0,526.0,5784.0,476237.0,252981740.0,541.0,-15.0,-2.77
2021-04-25,570.0,537.0,541.0,6791.0,723657.0,395252640.0,562.0,-21.0,-3.74
2021-04-22,572.0,561.0,562.0,4934.0,457462.0,258748348.0,572.0,-10.0,-1.75
2021-04-21,581.0,560.0,571.0,4106.0,444290.0,254598639.0,578.0,-6.0,-1.21
2021-04-20,584.0,575.0,577.0,4422.0,343512.0,198672665.0,581.0,-3.0,-0.69
2021-04-19,588.0,579.0,581.0,4409.0,411738.0,239360841.0,585.0,-4.0,-0.68
2021-04-18,623.0,581.0,585.0,5574.0,476981.0,279856434.0,594.0,-9.0,-1.52
2021-04-15,604.0,580.0,595.0,8603.0,835570.0,498734273.0,585.0,9.0,1.71
2021-04-13,589.0,580.0,583.0,4436.0,361253.0,211026053.0,584.0,1.0,-0.17
2021-04-12,590.0,580.0,584.0,5223.0,377732.0,221197570.0,589.0,-5.0,-0.85
2021-04-08,621.0,588.0,589.0,4303.0,432501.0,255524149.0,592.0,-3.0,-0.51
2021-04-07,612.0,591.0,592.0,4812.0,468589.0,280491735.0,606.0,-14.0,-2.31
2021-04-06,606.0,572.0,605.0,7433.0,672591.0,398057236.0,576.0,30.0,5.03
2021-04-05,588.0,574.0,577.0,5633.0,500352.0,289463828.0,581.0,-5.0,-0.69
2021-04-04,600.0,577.0,581.0,7841.0,814795.0,475699499.0,595.0,-14.0,-2.35
2021-04-01,615.0,588.0,595.0,1064.0,96466.0,57480193.0,593.0,2.0,0.34
2021-03-31,604.0,590.0,593.0,4864.0,508187.0,302623446.0,592.0,1.0,0.17
2021-03-30,611.0,591.0,592.0,7634.0,802167.0,480094271.0,606.0,-14.0,-2.31
2021-03-29,622.0,603.0,606.0,7782.0,724630.0,443165363.0,608.0,-2.0,-0.33
2021-03-25,631.0,585.0,608.0,14516.0,1488090.0,910880719.0,581.0,27.0,4.65
2021-03-24,588.0,545.0,581.0,10959.0,1140973.0,651501695.0,540.0,41.0,7.59
2021-03-23,550.0,520.0,540.0,9893.0,973981.0,526094572.0,524.0,16.0,3.05
2021-03-22,537.0,522.0,524.0,5872.0,375082.0,197703100.0,528.0,-4.0,-0.76
2021-03-21,534.0,525.0,528.0,7097.0,401215.0,211838748.0,525.0,3.0,0.57
2021-03-18,535.0,525.0,525.0,5827.0,409283.0,216695278.0,530.0,-5.0,-0.94
2021-03-17,540.0,527.0,530.0,5419.0,378017.0,200488423.0,533.0,-3.0,-0.56
2021-03-16,550.0,530.0,533.0,5290.0,317765.0,170266454.0,537.0,-4.0,-0.74
2021-03-15,557.0,528.0,537.0,9786.0,807526.0,436221809.0,523.0,14.0,2.68
2021-03-14,541.0,521.0,523.0,7824.0,521372.0,275668518.0,531.0,-8.0,-1.51
2021-03-10,540.0,522.0,531.0,6514.0,389669.0,207125154.0,532.0,-1.0,-0.19
2021-03-09,547.0,528.0,532.0,7124.0,476968.0,254979498.0,542.0,-10.0,-1.85
2021-03-07,570.0,539.0,542.0,9288.0,779371.0,427840924.0,552.0,-10.0,-1.81
2021-03-04,558.0,508.0,552.0,11795.0,989491.0,532390676.0,508.0,44.0,8.66
2021-03-03,520.0,503.0,508.0,7664.0,428048.0,217588852.0,515.0,-7.0,-1.36
2021-03-02,541.0,508.0,515.0,8790.0,494666.0,258071295.0,529.0,-14.0,-2.65
2021-03-01,535.0,482.0,529.0,15477.0,863802.0,444852647.0,508.0,21.0,4.13
2021-02-28,550.0,507.0,508.0,23566.0,1229080.0,634955460.0,543.0,-35.0,-6.45
2021-02-25,595.0,526.0,543.0,30002.0,1649933.0,903567577.0,562.0,-19.0,-3.38
2021-02-24,642.0,340.0,562.0,18821.0,992207.0,559929505.0,594.0,-32.0,-5.39
2021-02-23,726.0,594.0,594.0,11055.0,1081395.0,739452518.0,660.0,-66.0,-10.0
2021-02-22,660.0,630.0,660.0,7014.0,487154.0,321231917.0,600.0,60.0,10.0
2021-02-21,600.0,573.0,600.0,13752.0,920940.0,552112023.0,546.0,54.0,9.89
2021-02-18,546.0,521.0,546.0,16000.0,932534.0,508269835.0,497.0,49.0,9.86
2021-02-17,497.0,474.0,497.0,16724.0,1397128.0,694361119.0,452.0,45.0,9.96
2021-02-16,452.0,431.0,452.0,1055.0,49192.0,22215572.0,411.0,41.0,9.98
2021-02-15,411.0,392.0,411.0,1072.0,47850.0,19661613.0,374.0,37.0,9.89
2021-02-14,374.0,340.0,374.0,1479.0,59931.0,22154433.0,340.0,34.0,10.0
